{
  "project_info": {
    "project_number": "626741961356",
    "firebase_url": "https://android-demo-72410-default-rtdb.firebaseio.com",
    "project_id": "android-demo-72410",
    "storage_bucket": "android-demo-72410.appspot.com"
  },
  "client": [
    {
      "client_info": {
        "mobilesdk_app_id": "1:626741961356:android:35d7b138cb23a93a8011a9",
        "android_client_info": {
          "package_name": "com.example.myapplication"
        }
      },
      "oauth_client": [],
      "api_key": [
        {
          "current_key": "AIzaSyBdwRrghzFMPAPUiZU0AbgrvsNhNv8D3z4"
        }
      ],
      "services": {
        "appinvite_service": {
          "other_platform_oauth_client": []
        }
      }
    }
  ],
  "configuration_version": "1"
}